asia_quartile,trades_q,avg_R_q
Q1,11,0.31818181818182745
Q2,7,-0.12244897959184071
Q3,3,-0.422564102564075
Q4,3,-0.16666666666666666
