asia_quartile,trades_q,avg_R_q
Q1,10,-0.5196132596685081
Q2,4,-0.5192307692307305
Q3,7,-0.059233449477314445
Q4,3,-0.16666666666666666
