asia_quartile,trades_q,avg_R_q
Q1,12,0.18404761904761271
Q2,6,0.5942028985507627
Q3,3,1.0570175438596332
Q4,7,0.6562835660579968
