asia_quartile,trades_q,avg_R_q
Q1,7,0.15039929015084214
Q2,9,0.1111111111111111
Q3,5,0.0
Q4,4,-0.09684300341295533
