asia_quartile,trades_q,avg_R_q
Q1,10,-0.3717472118959216
Q3,2,0.25
Q4,3,-0.659863945578278
