asia_quartile,trades_q,avg_R_q
Q1,14,0.25176803394622943
Q2,5,0.4329670329669543
Q3,4,-0.04878048780485261
Q4,1,-0.10588235294128548
