asia_quartile,trades_q,avg_R_q
Q1,12,0.041666666666687224
Q2,7,-0.088298636037343
Q3,4,0.44791666666673036
Q4,7,0.591517857142839
