asia_quartile,trades_q,avg_R_q
Q1,13,-0.017045454545454294
Q2,8,0.1776832460732777
Q3,7,0.38113413304251825
Q4,3,-0.16666666666666666
