compression_flag,n,res_asia_rate,res_mid_rate,t_asia_med,t_mid_med,imbalance_ge
True,80,0.525,0.5125,135.0,85.0,
False,128,0.296,0.448,122.0,57.5,
,208,0.3853658536585366,0.47317073170731705,127.0,74.0,0.0
,27,0.2692307692307692,0.34615384615384615,151.0,56.0,0.15
,14,0.23076923076923078,0.3076923076923077,151.0,56.5,0.25
,10,0.3333333333333333,0.2222222222222222,151.0,56.5,0.35
