,time_to_res_asia_min,time_to_res_ny_mid_min
count,79.0,97.0
mean,122.54430379746836,75.29896907216495
std,41.640031733637265,53.04855577449258
min,5.0,0.0
25%,93.0,27.0
50%,127.0,74.0
75%,152.0,120.0
max,180.0,180.0
