comp_tertile,imb_tertile,n,res_asia_rate,res_mid_rate,t_asia_med,t_mid_med
low,low,0,,,,
low,mid,50,0.2857142857142857,0.4489795918367347,122.5,45.0
low,high,23,0.2727272727272727,0.22727272727272727,134.0,94.0
mid,low,0,,,,
mid,mid,43,0.3953488372093023,0.6511627906976745,123.0,108.5
mid,high,25,0.3333333333333333,0.25,149.0,57.0
high,low,0,,,,
high,mid,47,0.5319148936170213,0.6382978723404256,125.0,82.5
high,high,19,0.47368421052631576,0.3157894736842105,146.0,66.5
