compression_flag,n,res_asia_rate,res_mid_rate,t_asia_med,t_mid_med,imbalance_ge
True,91,0.4606741573033708,0.5393258426966292,137.0,91.5,
False,116,0.4434782608695652,0.3739130434782609,134.0,78.0,
,207,0.45098039215686275,0.44607843137254904,136.0,86.0,0.0
,35,0.42424242424242425,0.24242424242424243,162.5,101.0,0.15
,20,0.42105263157894735,0.21052631578947367,162.5,139.0,0.25
,11,0.4,0.3,162.5,162.0,0.35
