quartile,tp_pips
Q1,8.55
Q2,9.949999999999
Q3,10.799999999999
Q4,9.600000000000499
