trades,win_rate,avg_R,expectancy_R,tp_rate,sl_rate
66,0.4393939393939394,0.031342229989662525,0.031342229989662525,0.3181818181818182,0.5151515151515151
