comp_tertile,imb_tertile,n,res_asia_rate,res_mid_rate,t_asia_med,t_mid_med
low,low,0,,,,
low,mid,50,0.375,0.5208333333333334,148.5,74.0
low,high,17,0.3125,0.125,153.0,70.0
mid,low,0,,,,
mid,mid,52,0.4807692307692308,0.5,123.0,63.5
mid,high,17,0.47058823529411764,0.4117647058823529,136.0,110.0
high,low,0,,,,
high,mid,49,0.5918367346938775,0.4489795918367347,124.0,52.0
high,high,20,0.4,0.45,109.5,64.0
