name,n,contain_rate,resolve_rate
baseline,206,0.6553398058252428,0.34466019417475724
center_streak>=3,5,1.0,0.0
edge_streak>=3,51,0.5882352941176471,0.4117647058823529
