name,n,breakout_rate,fakeout_rate
baseline,205,0.6926829268292682,0.30731707317073176
contain_streak>=3,28,0.7142857142857143,0.2857142857142857
resolve_streak>=3,4,0.75,0.25
contain>=3 & early,24,0.7916666666666666,0.20833333333333337
resolve>=3 & late,0,,
contain>=3 & up_sweep,13,0.7692307692307693,0.23076923076923073
resolve>=3 & down_sweep,3,0.6666666666666666,0.33333333333333337
