overshoot_bin,n_events,retest_rate,follow_20p_rate,avg_mfe_frac_range
0.15-0.35,50,0.86,0.1,0.8530214593397301
<0.15,63,1.0,0.1111111111111111,0.8108574262407592
>0.35,94,0.20212765957446807,0.0,0.8640681866237431
