group,n_events,avg_overshoot_frac,retest_rate,follow_10p_rate,follow_20p_rate,follow_30p_rate,avg_mfe_frac_range
all,207,0.5087480028086351,0.6038647342995169,0.21256038647342995,0.057971014492753624,0.014492753623188406,0.8334498892050187
contain_pass,29,0.618237171250961,0.4827586206896552,0.1724137931034483,0.034482758620689655,0.0,0.9050959065669595
contain_or_override,37,0.5816843009720903,0.5135135135135135,0.21621621621621623,0.02702702702702703,0.0,0.8608255969233171
gate3_pass,43,0.24489086491892081,1.0,0.3488372093023256,0.11627906976744186,0.06976744186046512,0.8530214593397301
