bin_range_pct,n_events,contain_pass_rate,gate3_pass_rate,follow_20p_rate,avg_mfe_frac_range
high_85_100,36,0.19444444444444445,0.2222222222222222,0.08333333333333333,0.6787412233886808
low_0_35,80,0.175,0.1125,0.0375,0.9147271668373754
mid_35_85,90,0.08888888888888889,0.28888888888888886,0.06666666666666667,0.839990129682512
nan,1,0.0,0.0,0.0,
