trades,win_rate,avg_R,expectancy_R,tp_rate,sl_rate
47,0.3617021276595745,-0.10705589075077766,-0.10705589075077766,0.2978723404255319,0.5106382978723404
