quartile,tp_pips
Q1,13.45
Q2,14.2000000000005
Q3,19.4
Q4,22.049999999998498
