,time_to_res_asia_min,time_to_res_ny_mid_min
count,93.0,92.0
mean,124.0,74.26086956521739
std,44.545043153702494,52.396810062541526
min,16.0,0.0
25%,97.0,27.0
50%,132.0,65.0
75%,167.0,121.25
max,180.0,179.0
