compression_flag,n,res_asia_rate,res_mid_rate,t_asia_med,t_mid_med,imbalance_ge
True,89,0.5056179775280899,0.4606741573033708,122.0,62.0,
False,117,0.42105263157894735,0.4473684210526316,140.5,73.0,
,206,0.458128078817734,0.45320197044334976,132.0,65.0,0.0
,23,0.2727272727272727,0.36363636363636365,137.0,35.5,0.15
,14,0.3076923076923077,0.3076923076923077,154.5,70.5,0.25
,5,0.0,0.0,,,0.35
