overshoot_bin,n_events,retest_rate,follow_20p_rate,avg_mfe_frac_range
0.15-0.35,47,0.851063829787234,0.0851063829787234,0.936149771222382
<0.15,76,1.0,0.10526315789473684,0.7610472833261411
>0.35,83,0.12048192771084337,0.012048192771084338,1.053774167726327
nan,1,0.0,0.0,
