group,n_events,avg_overshoot_frac,retest_rate,follow_10p_rate,follow_20p_rate,follow_30p_rate,avg_mfe_frac_range
all,207,0.5299662205508876,0.6086956521739131,0.2463768115942029,0.06280193236714976,0.024154589371980676,0.8398676671344865
contain_pass,27,0.5589452865077098,0.6666666666666666,0.2222222222222222,0.037037037037037035,0.0,0.8613908290856924
contain_or_override,35,0.4757866569708692,0.6571428571428571,0.17142857142857143,0.02857142857142857,0.0,0.7281519489823455
gate3_pass,40,0.22408119283714836,1.0,0.425,0.1,0.05,0.9361497712223817
