bin_range_pct,n_events,contain_pass_rate,gate3_pass_rate,follow_20p_rate,avg_mfe_frac_range
high_85_100,41,0.12195121951219512,0.21951219512195122,0.07317073170731707,0.5666423509096871
low_0_35,89,0.1797752808988764,0.2247191011235955,0.06741573033707865,1.1358829808600837
mid_35_85,76,0.07894736842105263,0.14473684210526316,0.039473684210526314,0.682142669029459
nan,1,0.0,0.0,1.0,4.171428571428337
