bin_range_pct,n_events,contain_pass_rate,gate3_pass_rate,follow_20p_rate,avg_mfe_frac_range
high_85_100,45,0.2222222222222222,0.15555555555555556,0.2222222222222222,0.6547812804973617
low_0_35,80,0.175,0.1625,0.075,1.1570499639984844
mid_35_85,82,0.0975609756097561,0.23170731707317074,0.13414634146341464,0.8249767349692974
nan,1,0.0,1.0,0.0,2.3599999999999763
