overshoot_bin,n_events,retest_rate,follow_20p_rate,avg_mfe_frac_range
0.15-0.35,47,0.851063829787234,0.1702127659574468,0.9733090590893305
<0.15,66,0.9848484848484849,0.24242424242424243,0.8318403590724132
>0.35,92,0.15217391304347827,0.03260869565217391,1.1347765655077613
nan,3,0.0,0.0,
