timing_bin,n_events,gate3_pass_rate,follow_20p_rate,avg_mfe_frac_range
early_<=02,199,0.19095477386934673,0.1306532663316583,0.9206874533300317
late_>02,6,0.3333333333333333,0.16666666666666666,0.8085292323491883
nan,3,0.0,0.0,
