group,n_events,avg_overshoot_frac,retest_rate,follow_10p_rate,follow_20p_rate,follow_30p_rate,avg_mfe_frac_range
all,208,0.44723871984016117,0.5721153846153846,0.34615384615384615,0.12980769230769232,0.0673076923076923,0.9150324169780564
contain_pass,32,0.59556714647759,0.4375,0.3125,0.15625,0.0625,1.1489696938578497
contain_or_override,44,0.5086259341928927,0.4772727272727273,0.3409090909090909,0.13636363636363635,0.06818181818181818,0.9321162489477925
gate3_pass,40,0.2127073562354694,1.0,0.6,0.2,0.075,0.9733090590893301
