asia_quartile,trades_q,avg_R_q
Q1,10,-0.20040983606558055
Q3,2,0.25
Q4,3,-0.6761904761905101
