trades,win_rate,avg_R,expectancy_R,tp_rate,sl_rate
15,0.26666666666666666,-0.2355113192818224,-0.2355113192818224,0.26666666666666666,0.5333333333333333
