quartile,tp_pips
Q1,12.199999999999
Q2,12.849999999999
Q3,13.0499999999995
Q4,20.9999999999995
