overshoot_bin,n_events,retest_rate,follow_20p_rate,avg_mfe_frac_range
0.15-0.35,55,0.8181818181818182,0.07272727272727272,0.8493812842693251
<0.15,66,1.0,0.18181818181818182,0.6427124674920126
>0.35,82,0.17073170731707318,0.07317073170731707,1.036761098362133
nan,4,0.0,0.0,
