group,n_events,avg_overshoot_frac,retest_rate,follow_10p_rate,follow_20p_rate,follow_30p_rate,avg_mfe_frac_range
all,207,0.5107222109334341,0.6038647342995169,0.3140096618357488,0.10628019323671498,0.057971014492753624,0.7612466881892986
contain_pass,18,0.40935358859859616,0.5555555555555556,0.2222222222222222,0.0,0.0,0.8475199338076014
contain_or_override,34,0.3763745356476878,0.5882352941176471,0.29411764705882354,0.08823529411764706,0.029411764705882353,0.6784302919614882
gate3_pass,45,0.23490928189919924,1.0,0.5555555555555556,0.08888888888888889,0.044444444444444446,0.8493812842693251
