bin_range_pct,n_events,contain_pass_rate,gate3_pass_rate,follow_20p_rate,avg_mfe_frac_range
high_85_100,48,0.08333333333333333,0.16666666666666666,0.22916666666666666,0.6187654982985696
low_0_35,81,0.09876543209876543,0.20987654320987653,0.04938271604938271,0.9427613958033139
mid_35_85,77,0.07792207792207792,0.2597402597402597,0.09090909090909091,0.7025861823475809
nan,1,0.0,0.0,0.0,
