quartile,tp_pips
Q1,16.599999999999497
Q2,11.45
Q3,16.15
Q4,12.299999999998
