asia_quartile,trades_q,avg_R_q
Q1,7,0.1523235800344169
Q3,5,0.0
Q4,4,-0.09146341463412427
