trades,win_rate,avg_R,expectancy_R,tp_rate,sl_rate
16,0.4375,0.043775712606526324,0.043775712606526324,0.375,0.5
