compression_flag,n,res_asia_rate,res_mid_rate,t_asia_med,t_mid_med,imbalance_ge
True,78,0.42857142857142855,0.4805194805194805,123.0,86.0,
False,129,0.42063492063492064,0.42857142857142855,143.0,62.5,
,207,0.4236453201970443,0.4482758620689655,134.5,68.0,0.0
,40,0.39473684210526316,0.3157894736842105,149.0,62.0,0.15
,21,0.42105263157894735,0.2631578947368421,155.0,56.0,0.25
,13,0.2727272727272727,0.2727272727272727,171.0,2.0,0.35
