comp_tertile,imb_tertile,n,res_asia_rate,res_mid_rate,t_asia_med,t_mid_med
low,low,37,0.3611111111111111,0.5555555555555556,149.0,40.0
low,mid,3,0.3333333333333333,0.3333333333333333,74.0,88.0
low,high,24,0.30434782608695654,0.13043478260869565,128.0,23.0
mid,low,47,0.5106382978723404,0.5106382978723404,126.0,70.0
mid,mid,1,0.0,1.0,,25.0
mid,high,22,0.47619047619047616,0.2857142857142857,166.5,57.5
high,low,48,0.4583333333333333,0.5416666666666666,120.0,91.5
high,mid,1,0.0,0.0,,
high,high,23,0.4090909090909091,0.45454545454545453,99.0,52.5
