,time_to_res_asia_min,time_to_res_ny_mid_min
count,86.0,91.0
mean,126.06976744186046,69.89010989010988
std,43.06541964682389,54.35918619075458
min,23.0,0.0
25%,97.5,12.5
50%,134.5,68.0
75%,164.25,107.0
max,180.0,178.0
