trades,win_rate,avg_R,expectancy_R,tp_rate,sl_rate
22,0.6818181818181818,0.4632669526286501,0.4632669526286501,0.45454545454545453,0.2727272727272727
