quartile,tp_pips
Q1,16.7
Q2,19.0
Q3,21.3999999999985
Q4,42.0500000000005
