asia_quartile,trades_q,avg_R_q
Q1,12,0.1888722554890153
Q3,3,1.060747663551389
Q4,7,0.6775947001868501
