trades,win_rate,avg_R,expectancy_R,tp_rate,sl_rate
55,0.45454545454545453,0.040586464630253324,0.040586464630253324,0.2909090909090909,0.43636363636363634
