quartile,tp_pips
Q1,13.7
Q2,13.999999999998
Q3,16.249999999999496
Q4,14.0
