quartile,tp_pips
Q1,9.099999999999
Q2,10.449999999999
Q3,9.999999999999499
Q4,18.4
