asia_quartile,trades_q,avg_R_q
Q1,5,-0.6725274725274433
Q2,3,0.9617224880382356
Q3,2,-0.31249999999992795
