trades,win_rate,avg_R,expectancy_R,tp_rate,sl_rate
10,0.4,-0.11024698985223651,-0.11024698985223651,0.2,0.4
