quartile,tp_pips
Q1,9.899999999999999
Q2,8.300000000000999
Q3,11.700000000001
Q4,18.4
