compression_flag,n,res_asia_rate,res_mid_rate,t_asia_med,t_mid_med,imbalance_ge
True,93,0.43478260869565216,0.4782608695652174,127.5,41.0,
False,114,0.42105263157894735,0.32456140350877194,160.5,67.0,
,207,0.42718446601941745,0.3932038834951456,145.5,57.0,0.0
,36,0.3055555555555556,0.3611111111111111,159.0,87.0,0.15
,19,0.21052631578947367,0.2631578947368421,136.5,87.0,0.25
,12,0.16666666666666666,0.25,108.0,93.0,0.35
