,time_to_res_asia_min,time_to_res_ny_mid_min
count,88.0,81.0
mean,132.61363636363637,67.19753086419753
std,48.74669026623475,53.89861309743657
min,6.0,0.0
25%,101.25,22.0
50%,145.5,57.0
75%,178.0,105.0
max,180.0,180.0
