comp_tertile,imb_tertile,n,res_asia_rate,res_mid_rate,t_asia_med,t_mid_med
low,low,34,0.47058823529411764,0.4411764705882353,160.5,102.0
low,mid,2,0.5,0.0,123.0,
low,high,28,0.42857142857142855,0.21428571428571427,173.0,69.0
mid,low,60,0.4,0.4166666666666667,139.0,27.0
mid,mid,0,,,,
mid,high,18,0.5,0.16666666666666666,167.0,77.0
high,low,41,0.425,0.55,92.0,38.5
high,mid,0,,,,
high,high,23,0.391304347826087,0.43478260869565216,150.0,74.0
