comp_tertile,imb_tertile,n,res_asia_rate,res_mid_rate,t_asia_med,t_mid_med
low,low,42,0.4634146341463415,0.43902439024390244,149.0,78.0
low,mid,5,0.8,0.0,166.0,
low,high,19,0.3684210526315789,0.3157894736842105,140.0,101.5
mid,low,51,0.49019607843137253,0.5294117647058824,93.0,69.0
mid,mid,0,,,,
mid,high,24,0.375,0.25,164.0,117.0
high,low,38,0.4473684210526316,0.6052631578947368,134.0,78.0
high,mid,2,0.5,0.0,134.0,
high,high,25,0.391304347826087,0.43478260869565216,162.0,96.5
