,time_to_res_asia_min,time_to_res_ny_mid_min
count,92.0,91.0
mean,124.06521739130434,85.47252747252747
std,47.15133558240921,51.603475477129265
min,13.0,0.0
25%,85.0,54.5
50%,136.0,86.0
75%,163.25,125.5
max,180.0,179.0
