asia_quartile,trades_q,avg_R_q
Q1,14,0.027982326951398406
Q3,4,-0.05288461538458575
Q4,1,-0.09350649350659673
