trades,win_rate,avg_R,expectancy_R,tp_rate,sl_rate
19,0.5263157894736842,0.004563559067086182,0.004563559067086182,0.15789473684210525,0.3157894736842105
