quartile,tp_pips
Q1,9.699999999999
Q2,9.85
Q3,12.999999999999
Q4,19.249999999998
