quartile,tp_pips
Q1,18.099999999999
Q2,12.999999999999998
Q3,12.299999999999999
Q4,12.349999999999
