trades,win_rate,avg_R,expectancy_R,tp_rate,sl_rate
63,0.4444444444444444,-0.034144515144374256,-0.034144515144374256,0.2857142857142857,0.49206349206349204
