asia_quartile,trades_q,avg_R_q
Q1,12,0.06635802469138567
Q3,4,0.4509345794393169
Q4,7,0.07142857142857142
