trades,win_rate,avg_R,expectancy_R,tp_rate,sl_rate
23,0.5217391304347826,0.1347841136545172,0.1347841136545172,0.34782608695652173,0.4782608695652174
