quartile,tp_pips
Q1,8.099999999999499
Q2,12.299999999999999
Q3,10.699999999999
Q4,7.999999999999499
