asia_quartile,trades_q,avg_R_q
Q1,11,0.31818181818182745
Q3,3,-1.0
Q4,3,-0.16666666666666666
