trades,win_rate,avg_R,expectancy_R,tp_rate,sl_rate
17,0.4117647058823529,6.021327227672908e-15,6.021327227672908e-15,0.29411764705882354,0.5294117647058824
