quartile,tp_pips
Q1,13.7
Q2,11.2
Q3,13.399999999997998
Q4,15.299999999999999
