trades,win_rate,avg_R,expectancy_R,tp_rate,sl_rate
15,0.2,-0.34647093037960336,-0.34647093037960336,0.2,0.4666666666666667
