trades,win_rate,avg_R,expectancy_R,tp_rate,sl_rate
31,0.5161290322580645,0.10863916099332073,0.10863916099332073,0.2903225806451613,0.41935483870967744
