trades,win_rate,avg_R,expectancy_R,tp_rate,sl_rate
25,0.44,0.06661692069616294,0.06661692069616294,0.4,0.52
