trades,win_rate,avg_R,expectancy_R,tp_rate,sl_rate
24,0.2916666666666667,-0.3411537424978836,-0.3411537424978836,0.16666666666666666,0.5833333333333334
