trades,win_rate,avg_R,expectancy_R,tp_rate,sl_rate
28,0.6785714285714286,0.4835295147807431,0.4835295147807431,0.4642857142857143,0.25
