trades,win_rate,avg_R,expectancy_R,tp_rate,sl_rate
24,0.5833333333333334,0.22452430566338696,0.22452430566338696,0.25,0.20833333333333334
