trades,win_rate,avg_R,expectancy_R,tp_rate,sl_rate
30,0.5333333333333333,0.19380670714685466,0.19380670714685466,0.3333333333333333,0.4
