trades,win_rate,avg_R,expectancy_R,tp_rate,sl_rate
24,0.4166666666666667,0.03646520146520801,0.03646520146520801,0.2916666666666667,0.4166666666666667
