quartile,tp_pips
Q1,16.100000000001
Q2,14.199999999998997
Q3,14.499999999998998
Q4,14.649999999999999
