trades,win_rate,avg_R,expectancy_R,tp_rate,sl_rate
55,0.45454545454545453,0.07553869844919359,0.07553869844919359,0.38181818181818183,0.4909090909090909
