asia_quartile,trades_q,avg_R_q
Q1,25,0.029900990098988917
Q2,11,0.3331668331667974
Q3,15,-0.09674796747966631
Q4,7,0.685294117647036
