asia_quartile,trades_q,avg_R_q
Q1,23,0.2680101555061702
Q2,17,-0.25231092436974983
Q3,10,-0.08676923076922802
Q4,5,0.24500000000000935
