asia_quartile,trades_q,avg_R_q
Q1,21,-0.08851124092759448
Q2,11,-0.09090909090909091
Q3,7,-0.02761413843888994
Q4,8,-0.24744897959185425
