asia_quartile,trades_q,avg_R_q
Q1,15,0.06004140786750193
Q2,17,-0.11764705882352941
Q3,16,0.2275862068965587
Q4,7,0.2303754266211684
