asia_quartile,trades_q,avg_R_q
Q1,23,0.36658385093166795
Q2,18,-0.02587991718425389
Q3,12,0.48629385964911825
Q4,10,0.6593984962405977
