asia_quartile,trades_q,avg_R_q
Q1,24,0.13559941520468058
Q2,16,-0.13238065326633758
Q3,14,0.1279761904762087
Q4,12,-0.0716145833333439
