asia_quartile,trades_q,avg_R_q
Q1,24,0.37653882575757186
Q2,18,-0.1362710878417707
Q3,15,0.26972010178116573
Q4,7,0.5225381414702094
