asia_quartile,trades_q,avg_R_q
Q1,23,-0.030266634638482993
Q2,16,0.057692307692317354
Q3,13,0.08630393996249633
Q4,11,-0.3181818181818182
