timing_bin,n_events,gate3_pass_rate,follow_20p_rate,avg_mfe_frac_range
early_<=02,199,0.27638190954773867,0.02512562814070352,0.9249995696565861
late_>02,4,0.5,0.0,0.5359034640707604
nan,3,0.0,0.0,
