bin_range_pct,n_events,contain_pass_rate,gate3_pass_rate,follow_20p_rate,avg_mfe_frac_range
high_85_100,40,0.15,0.225,0.025,0.5434731949103802
low_0_35,92,0.22826086956521738,0.25,0.021739130434782608,1.0465663258485127
mid_35_85,73,0.136986301369863,0.3424657534246575,0.0273972602739726,0.9315360198948729
nan,1,0.0,0.0,0.0,
