group,n_events,avg_overshoot_frac,retest_rate,follow_10p_rate,follow_20p_rate,follow_30p_rate,avg_mfe_frac_range
all,206,0.45347846496909805,0.6990291262135923,0.16990291262135923,0.024271844660194174,0.014563106796116505,0.9141913445014241
contain_pass,37,0.4558916367661398,0.7837837837837838,0.16216216216216217,0.0,0.0,0.8940224654421937
contain_or_override,49,0.4320232161257877,0.7346938775510204,0.20408163265306123,0.02040816326530612,0.0,0.9215704782877003
gate3_pass,57,0.2371363822847211,1.0,0.21052631578947367,0.017543859649122806,0.017543859649122806,0.840373142633761
