overshoot_bin,n_events,retest_rate,follow_20p_rate,avg_mfe_frac_range
0.15-0.35,61,0.9344262295081968,0.01639344262295082,0.8403731426337613
<0.15,55,1.0,0.03636363636363636,0.7024805239661226
>0.35,87,0.367816091954023,0.022988505747126436,1.4095579893732497
nan,3,0.0,0.0,
