asia_quartile,trades_q,avg_R_q
Q1,15,0.6295358649788921
Q2,12,-0.06752008032128091
Q3,10,0.44664429530200617
Q4,6,0.3952455590386504
