asia_quartile,trades_q,avg_R_q
Q1,18,0.3055555555555896
Q2,11,-0.3181818181818182
Q3,9,0.13351254480288818
Q4,7,-0.5300400534045612
