asia_quartile,trades_q,avg_R_q
Q1,15,-0.4373626373626422
Q2,9,0.48724082934607854
Q3,9,-0.2916666666666507
Q4,5,0.7032608695652129
