asia_quartile,trades_q,avg_R_q
Q1,14,-0.12884097035040556
Q2,6,0.25
Q3,4,0.25
Q4,6,0.19501557632396596
