asia_quartile,trades_q,avg_R_q
Q1,16,0.06816406249999732
Q2,9,-0.049967126890194384
Q3,10,-0.09207920792080837
Q4,8,-0.375
