asia_quartile,trades_q,avg_R_q
Q1,9,0.14791224345364343
Q2,13,-0.038461538461538464
Q3,10,-0.75
Q4,5,0.21571428571429388
