asia_quartile,trades_q,avg_R_q
Q1,14,0.6628151260504183
Q2,13,-0.08239154210718132
Q3,7,0.07142857142857142
Q4,3,0.42741935483873955
