asia_quartile,trades_q,avg_R_q
Q1,15,-0.2244444444444592
Q2,10,-0.08483606557377774
Q3,8,-0.22089041095889472
Q4,2,0.8550000000000217
