compression_flag,n,res_asia_rate,res_mid_rate,t_asia_med,t_mid_med,imbalance_ge
True,86,0.37209302325581395,0.46511627906976744,119.5,65.5,
False,121,0.39669421487603307,0.48760330578512395,123.5,64.0,
,207,0.3864734299516908,0.4782608695652174,123.5,64.0,0.0
,27,0.3333333333333333,0.25925925925925924,88.0,77.0,0.15
,15,0.3333333333333333,0.26666666666666666,88.0,44.5,0.25
,6,0.5,0.3333333333333333,134.0,44.5,0.35
