comp_tertile,imb_tertile,n,res_asia_rate,res_mid_rate,t_asia_med,t_mid_med
low,low,0,,,,
low,mid,36,0.4722222222222222,0.5833333333333334,124.0,26.0
low,high,27,0.25925925925925924,0.2962962962962963,123.0,122.5
mid,low,0,,,,
mid,mid,52,0.4230769230769231,0.6153846153846154,102.0,65.0
mid,high,21,0.42857142857142855,0.23809523809523808,122.0,30.0
high,low,0,,,,
high,mid,49,0.2857142857142857,0.5102040816326531,113.0,48.0
high,high,21,0.5238095238095238,0.3333333333333333,150.0,69.0
