quartile,tp_pips
Q1,17.5
Q2,16.099999999997998
Q3,22.8
Q4,26.599999999999497
