trades,win_rate,avg_R,expectancy_R,tp_rate,sl_rate
63,0.5555555555555556,0.3237317673064633,0.3237317673064633,0.42857142857142855,0.3492063492063492
