,time_to_res_asia_min,time_to_res_ny_mid_min
count,80.0,99.0
mean,118.825,69.64646464646465
std,47.41275131588307,57.6205591730465
min,24.0,0.0
25%,76.5,12.0
50%,123.5,64.0
75%,158.25,119.5
max,180.0,180.0
