group,n_events,avg_overshoot_frac,retest_rate,follow_10p_rate,follow_20p_rate,follow_30p_rate,avg_mfe_frac_range
all,207,0.47337587509811846,0.6473429951690821,0.28502415458937197,0.14009661835748793,0.028985507246376812,0.8748629281173493
contain_pass,30,0.4530870345772514,0.5666666666666667,0.23333333333333334,0.06666666666666667,0.0,0.777180886932085
contain_or_override,37,0.48682152515456106,0.5675675675675675,0.21621621621621623,0.08108108108108109,0.0,0.7281066605629938
gate3_pass,54,0.23859899325275424,1.0,0.3888888888888889,0.16666666666666666,0.05555555555555555,0.8129762957151636
