bin_range_pct,n_events,contain_pass_rate,gate3_pass_rate,follow_20p_rate,avg_mfe_frac_range
high_85_100,39,0.1794871794871795,0.20512820512820512,0.23076923076923078,0.7061499104997512
low_0_35,87,0.13793103448275862,0.2413793103448276,0.08045977011494253,0.9726348905677891
mid_35_85,80,0.1375,0.3,0.1625,0.8811721777098382
nan,1,0.0,1.0,0.0,0.2796610169490863
