overshoot_bin,n_events,retest_rate,follow_20p_rate,avg_mfe_frac_range
0.15-0.35,59,0.9152542372881356,0.15254237288135594,0.8129762957151636
<0.15,58,1.0,0.1896551724137931,0.7875704713374889
>0.35,87,0.25287356321839083,0.10344827586206896,1.2569011391605278
nan,3,0.0,0.0,
