trades,win_rate,avg_R,expectancy_R,tp_rate,sl_rate
23,0.5217391304347826,0.12076357238250222,0.12076357238250222,0.30434782608695654,0.4782608695652174
