quartile,tp_pips
Q1,14.65
Q2,19.5999999999995
Q3,17.4999999999985
Q4,20.4
