asia_quartile,trades_q,avg_R_q
Q1,13,0.06025203465476143
Q3,7,0.35632653061223596
Q4,3,-0.16666666666666666
