,time_to_res_asia_min,time_to_res_ny_mid_min
count,93.0,85.0
mean,123.43010752688173,65.6
std,47.223657908856026,58.287301565688594
min,13.0,0.0
25%,91.0,13.0
50%,127.0,51.0
75%,166.0,111.0
max,180.0,180.0
