compression_flag,n,res_asia_rate,res_mid_rate,t_asia_med,t_mid_med,imbalance_ge
True,88,0.5,0.4318181818181818,122.0,51.5,
False,118,0.4188034188034188,0.4017094017094017,138.0,51.0,
,206,0.45365853658536587,0.4146341463414634,127.0,51.0,0.0
,32,0.45161290322580644,0.45161290322580644,122.5,42.0,0.15
,18,0.17647058823529413,0.5294117647058824,113.0,32.0,0.25
,11,0.1,0.5,159.0,27.0,0.35
