asia_quartile,trades_q,avg_R_q
Q1,31,0.2924528301886826
Q2,24,-0.07035928143712976
Q3,21,-0.35167173252278633
Q4,12,0.31312589413447456
