asia_quartile,trades_q,avg_R_q
Q1,24,0.005376344086029605
Q2,29,0.1170549860205092
Q3,25,0.17712230215829158
Q4,15,0.0181459566075008
