asia_quartile,trades_q,avg_R_q
Q1,24,-0.0648967551622342
Q2,21,0.24483378256965974
Q3,20,0.19197247706420487
Q4,15,-0.14210526315791008
