asia_quartile,trades_q,avg_R_q
Q1,18,-0.01936619718310749
Q2,23,-0.25532386867790313
Q3,24,0.1779513888888938
Q4,21,0.2954144620811352
