asia_quartile,trades_q,avg_R_q
Q1,32,0.4402721774193651
Q2,25,0.33813664596273035
Q3,20,-0.3647058823529533
Q4,18,0.1111111111111111
