asia_quartile,trades_q,avg_R_q
Q1,29,0.18335742308485184
Q2,21,-0.134285714285704
Q3,21,0.2438725490196107
Q4,13,0.24634858812075805
