asia_quartile,trades_q,avg_R_q
Q1,30,0.028809523809527428
Q2,25,-0.15919463087248684
Q3,22,0.28982422411425507
Q4,12,0.18442393736017404
