asia_quartile,trades_q,avg_R_q
Q1,28,0.048240938166287675
Q2,24,-0.005000000000018841
Q3,24,-0.18840579710145625
Q4,15,0.3859872611464899
