overshoot_bin,n_events,retest_rate,follow_20p_rate,avg_mfe_frac_range
0.15-0.35,49,0.9183673469387755,0.1836734693877551,1.014515964509014
<0.15,50,1.0,0.22,0.950755100244036
>0.35,106,0.29245283018867924,0.0660377358490566,1.3569654346097133
nan,1,0.0,0.0,
