timing_bin,n_events,gate3_pass_rate,follow_20p_rate,avg_mfe_frac_range
early_<=02,202,0.22277227722772278,0.12376237623762376,1.084213225902713
late_>02,3,0.0,0.6666666666666666,0.6328917006582888
nan,1,0.0,0.0,
