group,n_events,avg_overshoot_frac,retest_rate,follow_10p_rate,follow_20p_rate,follow_30p_rate,avg_mfe_frac_range
all,206,0.5993549037252829,0.6116504854368932,0.34951456310679613,0.13106796116504854,0.06310679611650485,1.073467475301655
contain_pass,33,0.7406219929748079,0.6363636363636364,0.3939393939393939,0.12121212121212122,0.0,1.0517920729639012
contain_or_override,45,0.6816197599718692,0.6222222222222222,0.4222222222222222,0.15555555555555556,0.022222222222222223,1.010114553188173
gate3_pass,45,0.2607419746191192,1.0,0.6,0.2,0.044444444444444446,1.014515964509014
