bin_range_pct,n_events,contain_pass_rate,gate3_pass_rate,follow_20p_rate,avg_mfe_frac_range
high_85_100,41,0.04878048780487805,0.14634146341463414,0.21951219512195122,0.9963469986969455
low_0_35,83,0.1927710843373494,0.2289156626506024,0.08433734939759036,1.1980597699984863
mid_35_85,81,0.18518518518518517,0.24691358024691357,0.13580246913580246,1.0129860903020487
nan,1,0.0,0.0,0.0,0.7046632124352521
