comp_tertile,imb_tertile,n,res_asia_rate,res_mid_rate,t_asia_med,t_mid_med
low,low,43,0.3333333333333333,0.4523809523809524,107.0,70.0
low,mid,3,0.3333333333333333,0.3333333333333333,180.0,120.0
low,high,22,0.18181818181818182,0.13636363636363635,147.0,119.0
mid,low,50,0.52,0.48,129.5,78.0
mid,mid,0,,,,
mid,high,25,0.52,0.36,137.0,48.0
high,low,41,0.5121951219512195,0.4634146341463415,148.0,68.0
high,mid,0,,,,
high,high,22,0.3333333333333333,0.3333333333333333,156.0,110.0
