compression_flag,n,res_asia_rate,res_mid_rate,t_asia_med,t_mid_med,imbalance_ge
True,88,0.4367816091954023,0.4367816091954023,141.0,68.5,
False,119,0.4067796610169492,0.3813559322033898,127.0,72.0,
,207,0.4195121951219512,0.40487804878048783,135.0,71.0,0.0
,34,0.3235294117647059,0.23529411764705882,145.0,114.5,0.15
,19,0.2631578947368421,0.10526315789473684,165.0,138.0,0.25
,9,0.1111111111111111,0.0,180.0,,0.35
