,time_to_res_asia_min,time_to_res_ny_mid_min
count,86.0,83.0
mean,122.8953488372093,75.49397590361446
std,46.96532615095009,53.231746784289626
min,12.0,0.0
25%,96.0,25.5
50%,135.0,71.0
75%,164.25,123.0
max,180.0,176.0
