name,n,contain_rate,resolve_rate
baseline,207,0.6328502415458938,0.36714975845410625
center_streak>=3,3,0.6666666666666666,0.33333333333333337
edge_streak>=3,53,0.5660377358490566,0.4339622641509434
