name,n,contain_rate,resolve_rate
baseline,205,0.7317073170731707,0.2682926829268293
center_streak>=3,7,0.7142857142857143,0.2857142857142857
edge_streak>=3,49,0.7551020408163265,0.24489795918367352
