name,n,contain_rate,resolve_rate
baseline,206,0.6456310679611651,0.3543689320388349
center_streak>=3,1,1.0,0.0
edge_streak>=3,57,0.5614035087719298,0.4385964912280702
