name,n,contain_rate,resolve_rate
baseline,205,0.6585365853658537,0.3414634146341463
center_streak>=3,2,1.0,0.0
edge_streak>=3,45,0.5555555555555556,0.4444444444444444
