name,n,contain_rate,resolve_rate
baseline,208,0.6778846153846154,0.3221153846153846
center_streak>=3,3,0.6666666666666666,0.33333333333333337
edge_streak>=3,53,0.7358490566037735,0.26415094339622647
