bin_range_pct,n_events,contain_pass_rate,gate3_pass_rate,follow_20p_rate,avg_mfe_frac_range
high_85_100,37,0.08108108108108109,0.16216216216216217,0.10810810810810811,0.6515127829844493
low_0_35,80,0.225,0.2625,0.05,1.2790429030879669
mid_35_85,89,0.0898876404494382,0.2808988764044944,0.07865168539325842,0.9000755591996841
nan,1,0.0,0.0,0.0,0.7089552238805389
