group,n_events,avg_overshoot_frac,retest_rate,follow_10p_rate,follow_20p_rate,follow_30p_rate,avg_mfe_frac_range
all,207,0.4932288158577453,0.6135265700483091,0.22705314009661837,0.07246376811594203,0.014492753623188406,1.0036854900239893
contain_pass,29,0.6897320279106534,0.5172413793103449,0.13793103448275862,0.034482758620689655,0.0,1.139868383983005
contain_or_override,40,0.60748398368809,0.5,0.175,0.05,0.0,1.0074037268517846
gate3_pass,52,0.22983206368840595,1.0,0.40384615384615385,0.07692307692307693,0.0,1.003178464882605
