overshoot_bin,n_events,retest_rate,follow_20p_rate,avg_mfe_frac_range
0.15-0.35,59,0.8813559322033898,0.06779661016949153,1.0031784648826052
<0.15,51,1.0,0.17647058823529413,0.9221402959747556
>0.35,95,0.25263157894736843,0.021052631578947368,1.178067581851611
nan,2,0.0,0.0,
