asia_quartile,trades_q,avg_R_q
Q1,10,-0.5437931034482807
Q3,7,0.2736916548797831
Q4,3,-0.16666666666666666
