trades,win_rate,avg_R,expectancy_R,tp_rate,sl_rate
20,0.35,-0.20110447251621627,-0.20110447251621627,0.25,0.6
