quartile,tp_pips
Q1,14.499999999998998
Q2,13.799999999998999
Q3,10.100000000000499
Q4,11.8
