trades,win_rate,avg_R,expectancy_R,tp_rate,sl_rate
58,0.5,0.1337620556662716,0.1337620556662716,0.3103448275862069,0.3793103448275862
