quartile,tp_pips
Q1,10.100000000001
Q2,9.100000000000499
Q3,12.299999999999999
Q4,16.9999999999995
