comp_tertile,imb_tertile,n,res_asia_rate,res_mid_rate,t_asia_med,t_mid_med
low,low,40,0.275,0.45,168.0,32.5
low,mid,0,,,,
low,high,23,0.45454545454545453,0.2727272727272727,137.5,36.5
mid,low,51,0.5294117647058824,0.49019607843137253,119.0,71.0
mid,mid,0,,,,
mid,high,29,0.4827586206896552,0.2413793103448276,123.5,65.0
high,low,44,0.4318181818181818,0.38636363636363635,122.0,47.0
high,mid,1,1.0,0.0,143.0,
high,high,17,0.6470588235294118,0.6470588235294118,117.0,33.0
