quartile,tp_pips
Q1,17.599999999999
Q2,19.099999999999998
Q3,19.6499999999995
Q4,20.599999999999
