trades,win_rate,avg_R,expectancy_R,tp_rate,sl_rate
64,0.5625,0.2232440742818563,0.2232440742818563,0.359375,0.40625
